Maps;MapsActivity;1519622328424
Location;SplashActivity;1519622341744
Location;NavigationViewDrawer;1519622343198
Location;MapsActivity;1519622344557
Internet;SplashActivity;1519622351150
Internet;InAppNotificationActivity;1519622352213
Internet;BrowserActivity;1519622353014
Internet;NavigationViewDrawer;1519622353806
Internet;MapsActivity;1519622354718
Internet;WelcomeActivity;1519622355694
Internet;FullRanking;1519622356646
Internet;FullRankingMLA;1519622357470
FormSubmit;NA;1519622378168